"","mean_tempC","mean_DO","date","year","month","day","site"
"1",18.94384329,7.893675133,"1/6/83",1983,1,6,"A"
"2",14.02360057,6.336433625,"2/6/83",1983,2,6,"A"
"3",11.47259997,9.41699081,"3/6/83",1983,3,6,"A"
"4",17.76252516,8.752843721,"4/6/83",1983,4,6,"A"
"5",13.3956988,7.871388162,"5/6/83",1983,5,6,"A"
"6",14.82220787,8.318028024,"6/6/83",1983,6,6,"A"
"7",16.69850794,7.712004342,"7/6/83",1983,7,6,"A"
"8",13.99669428,6.282527167,"8/6/83",1983,8,6,"A"
"9",13.54363464,8.340535985,"9/6/83",1983,9,6,"A"
"10",12.96810114,8.506654751,"10/6/83",1983,10,6,"A"
"11",12.34723906,7.733523552,"11/6/83",1983,11,6,"A"
"12",15.51394452,9.133118808,"12/6/83",1983,12,6,"A"
"13",14.6659432,8.504228284,"1/6/84",1984,1,6,"A"
"14",12.1928181,9.135820045,"2/6/84",1984,2,6,"A"
"15",15.02399943,7.619523205,"3/6/84",1984,3,6,"A"
"16",12.61048205,7.613994766,"4/6/84",1984,4,6,"A"
"17",13.96592298,6.940999873,"5/6/84",1984,5,6,"A"
"18",13.49470759,7.492564317,"6/6/84",1984,6,6,"A"
"19",12.08465241,7.72372406,"7/6/84",1984,7,6,"A"
"20",17.16664847,5.992764183,"8/6/84",1984,8,6,"A"
"21",17.11265877,8.497238922,"9/6/84",1984,9,6,"A"
"22",15.22072773,6.814518021,"10/6/84",1984,10,6,"A"
"23",18.54762225,8.103808256,"11/6/84",1984,11,6,"A"
"24",18.43398166,8.80544874,"12/6/84",1984,12,6,"A"
"25",12.9054553,8.127310005,"1/6/85",1985,1,6,"A"
"26",13.32665726,7.593110203,"2/6/85",1985,2,6,"A"
"27",15.58234993,6.882442827,"3/6/85",1985,3,6,"A"
"28",17.04080465,6.334657364,"4/6/85",1985,4,6,"A"
"29",14.58014666,6.471935561,"5/6/85",1985,5,6,"A"
"30",17.73187683,5.17266215,"6/6/85",1985,6,6,"A"
"31",14.46905972,8.384274249,"7/6/85",1985,7,6,"A"
"32",14.05093697,7.775689011,"8/6/85",1985,8,6,"A"
"33",11.46215375,7.703652515,"9/6/85",1985,9,6,"A"
"34",14.33819578,7.569639692,"10/6/85",1985,10,6,"A"
"35",16.59073187,6.776749501,"11/6/85",1985,11,6,"A"
"36",14.31376151,7.981381502,"12/6/85",1985,12,6,"A"
"37",13.83096549,7.172205206,"1/6/86",1986,1,6,"A"
"38",18.60085493,6.411048442,"2/6/86",1986,2,6,"A"
"39",13.90395391,8.058844043,"3/6/86",1986,3,6,"A"
"40",15.99889381,7.36921461,"4/6/86",1986,4,6,"A"
"41",14.61571317,8.60847179,"5/6/86",1986,5,6,"A"
"42",15.71566284,6.77474802,"8/6/86",1986,8,6,"A"
"43",16.8678297,8.630650418,"9/6/86",1986,9,6,"A"
"44",17.74956484,6.067044127,"11/6/86",1986,11,6,"A"
"45",16.65107898,8.411450244,"12/6/86",1986,12,6,"A"
"46",14.95059748,6.337388513,"1/6/87",1987,1,6,"A"
"47",14.56043065,7.776332709,"2/6/87",1987,2,6,"A"
"48",13.46297942,8.100622013,"3/6/87",1987,3,6,"A"
"49",15.99225212,7.940083676,"4/6/87",1987,4,6,"A"
"50",13.85248464,5.909537901,"5/6/87",1987,5,6,"A"
"51",18.73357781,9.947853231,"6/6/87",1987,6,6,"A"
"52",11.9577588,7.64201171,"8/6/87",1987,8,6,"A"
"53",13.9748674,8.047427184,"9/6/87",1987,9,6,"A"
"54",18.67794768,6.783939726,"10/6/87",1987,10,6,"A"
"55",15.05391044,7.221302624,"11/6/87",1987,11,6,"A"
"56",12.55459944,7.582383708,"12/6/87",1987,12,6,"A"
"57",13.43012815,9.027869953,"1/6/88",1988,1,6,"A"
"58",17.1776217,7.068713276,"2/6/88",1988,2,6,"A"
"59",14.25357303,8.763558796,"3/6/88",1988,3,6,"A"
"60",18.67861776,7.167731833,"4/6/88",1988,4,6,"A"
"61",15.42138991,6.939033774,"5/6/88",1988,5,6,"A"
"62",12.55320316,7.798214017,"6/6/88",1988,6,6,"A"
"63",12.13438977,7.481073449,"7/6/88",1988,7,6,"A"
"64",14.91719618,6.194853641,"8/6/88",1988,8,6,"A"
"65",16.62079816,8.657368577,"9/6/88",1988,9,6,"A"
"66",14.00301116,7.308517694,"10/6/88",1988,10,6,"A"
"67",14.58479397,8.820287005,"11/6/88",1988,11,6,"A"
"68",16.65373482,7.819903648,"12/6/88",1988,12,6,"A"
"69",16.02943961,6.753649145,"1/6/89",1989,1,6,"A"
"70",13.88083195,6.938130053,"2/6/89",1989,2,6,"A"
"71",15.84308817,8.841266849,"4/6/89",1989,4,6,"A"
"72",13.36206156,5.550323969,"5/6/89",1989,5,6,"A"
"73",16.31983395,8.026814211,"6/6/89",1989,6,6,"A"
"74",15.41279023,9.484707977,"7/6/89",1989,7,6,"A"
"75",11.05581547,7.263365658,"8/6/89",1989,8,6,"A"
"76",16.19422894,8.129877595,"10/6/89",1989,10,6,"A"
"77",14.99446436,8.843557822,"11/6/89",1989,11,6,"A"
"78",15.88628572,7.473145491,"12/6/89",1989,12,6,"A"
"79",12.50924714,8.115739043,"1/6/90",1990,1,6,"A"
"80",12.87400794,9.179815866,"2/6/90",1990,2,6,"A"
"81",12.78779564,8.70362313,"3/6/90",1990,3,6,"A"
"82",19.01895005,9.521770741,"4/6/90",1990,4,6,"A"
"83",12.45934923,6.057861822,"5/6/90",1990,5,6,"A"
"84",11.46861665,8.331930056,"6/6/90",1990,6,6,"A"
"85",14.21140092,7.617809331,"7/6/90",1990,7,6,"A"
"86",13.54193076,7.740272332,"8/6/90",1990,8,6,"A"
"87",18.49599346,8.224936966,"9/6/90",1990,9,6,"A"
"88",13.00217193,7.296085692,"10/6/90",1990,10,6,"A"
"89",14.23829112,6.442507617,"11/6/90",1990,11,6,"A"
"90",19.38276513,7.369081048,"12/6/90",1990,12,6,"A"
"91",16.59240108,7.51596336,"1/6/91",1991,1,6,"A"
"92",14.86094025,7.085118013,"2/6/91",1991,2,6,"A"
"93",14.25824106,8.907516475,"3/6/91",1991,3,6,"A"
"94",16.14060392,7.430158481,"4/6/91",1991,4,6,"A"
"95",18.80862858,8.314522757,"5/6/91",1991,5,6,"A"
"96",15.82011968,8.421020705,"6/6/91",1991,6,6,"A"
"97",17.6111872,8.851049407,"7/6/91",1991,7,6,"A"
"98",13.5127072,7.137223027,"8/6/91",1991,8,6,"A"
"99",12.51863142,7.49354415,"9/6/91",1991,9,6,"A"
"100",15.12921713,8.16577966,"10/6/91",1991,10,6,"A"
"101",10.64644513,8.530909867,"11/6/91",1991,11,6,"A"
"102",12.43410702,6.781660625,"12/6/91",1991,12,6,"A"
"103",13.45885172,7.059668315,"1/6/92",1992,1,6,"A"
"104",12.49455263,8.814744151,"2/6/92",1992,2,6,"A"
"105",12.6875253,9.270944383,"3/6/92",1992,3,6,"A"
"106",14.63318884,6.968487615,"4/6/92",1992,4,6,"A"
"107",15.74330527,7.396211636,"5/6/92",1992,5,6,"A"
"108",13.27180001,9.331361172,"6/6/92",1992,6,6,"A"
"109",16.04029543,7.511417563,"7/6/92",1992,7,6,"A"
"110",11.81705955,7.907433836,"8/6/92",1992,8,6,"A"
"111",14.25038561,7.855859332,"9/6/92",1992,9,6,"A"
"112",14.30494764,6.962927267,"10/6/92",1992,10,6,"A"
"113",14.27364573,7.393043314,"11/6/92",1992,11,6,"A"
"114",15.71040859,7.934200671,"12/6/92",1992,12,6,"A"
"115",15.52189557,6.567384913,"1/6/93",1993,1,6,"A"
"116",12.09077579,7.190664437,"2/6/93",1993,2,6,"A"
"117",17.78282568,7.429483088,"3/6/93",1993,3,6,"A"
"118",19.75465853,6.62185023,"4/6/93",1993,4,6,"A"
"119",17.94967591,6.008432901,"5/6/93",1993,5,6,"A"
"120",15.18413817,9.362085182,"6/6/93",1993,6,6,"A"
"121",12.83365424,7.893463179,"7/6/93",1993,7,6,"A"
"122",15.12422116,9.317870425,"8/6/93",1993,8,6,"A"
"123",16.36514523,6.944601402,"9/6/93",1993,9,6,"A"
"124",12.18849725,8.350550563,"10/6/93",1993,10,6,"A"
"125",15.33997472,8.465668456,"11/6/93",1993,11,6,"A"
"126",17.19873785,8.522791351,"12/6/93",1993,12,6,"A"
"127",15.88209768,8.495886813,"1/6/94",1994,1,6,"A"
"128",15.92890337,6.456605937,"2/6/94",1994,2,6,"A"
"129",11.65840779,7.178694997,"3/6/94",1994,3,6,"A"
"130",16.112165,6.374978712,"4/6/94",1994,4,6,"A"
"131",14.08795822,8.047723029,"5/6/94",1994,5,6,"A"
"132",16.73268226,5.459816431,"6/6/94",1994,6,6,"A"
"133",15.60538691,7.917930386,"3/6/95",1995,3,6,"A"
"134",15.93004515,6.858141726,"5/6/95",1995,5,6,"A"
"135",14.15376834,6.319129412,"6/6/95",1995,6,6,"A"
"136",14.0715813,4.776085717,"7/6/95",1995,7,6,"A"
"137",16.32721026,5.734477329,"8/6/95",1995,8,6,"A"
"138",13.20509282,5.38095549,"9/6/95",1995,9,6,"A"
"139",12.73697325,4.075147556,"10/6/95",1995,10,6,"A"
"140",16.35639494,3.459948957,"11/6/95",1995,11,6,"A"
"141",14.25626791,6.141551952,"12/6/95",1995,12,6,"A"
"142",16.10857447,6.853736072,"4/6/96",1996,4,6,"A"
"143",14.97939937,8.072037066,"5/6/96",1996,5,6,"A"
"144",16.67344838,4.060074877,"6/6/96",1996,6,6,"A"
"145",15.45516263,6.358341307,"7/6/96",1996,7,6,"A"
"146",14.7104604,4.733717342,"8/6/96",1996,8,6,"A"
"147",17.50487485,6.042561724,"9/6/96",1996,9,6,"A"
"148",14.53840148,6.598061635,"10/6/96",1996,10,6,"A"
"149",14.75907454,6.64245214,"11/6/96",1996,11,6,"A"
"150",12.83343343,7.517273538,"12/6/96",1996,12,6,"A"
"151",15.62717927,6.061073208,"1/6/97",1997,1,6,"A"
"152",11.92995866,5.134735461,"2/6/97",1997,2,6,"A"
"153",15.13776951,4.972902313,"3/6/97",1997,3,6,"A"
"154",14.87907834,5.162513324,"4/6/97",1997,4,6,"A"
"155",14.29594452,7.152569496,"5/6/97",1997,5,6,"A"
"156",14.83513482,5.998648401,"6/6/97",1997,6,6,"A"
"157",15.19463742,4.94392993,"7/6/97",1997,7,6,"A"
"158",17.32481452,6.109915124,"9/6/97",1997,9,6,"A"
"159",12.80508134,5.722365095,"10/6/97",1997,10,6,"A"
"160",17.01031659,8.298027722,"12/6/97",1997,12,6,"A"
"161",16.91889028,5.373919994,"1/6/98",1998,1,6,"A"
"162",15.54038148,6.003862995,"2/6/98",1998,2,6,"A"
"163",14.9355551,6.249504716,"3/6/98",1998,3,6,"A"
"164",15.44822812,6.633646191,"4/6/98",1998,4,6,"A"
"165",17.40951612,5.828455846,"5/6/98",1998,5,6,"A"
"166",12.99287229,4.789117343,"6/6/98",1998,6,6,"A"
"167",14.70062126,8.103361495,"7/6/98",1998,7,6,"A"
"168",16.09775923,7.228940975,"8/6/98",1998,8,6,"A"
"169",14.0445103,6.094924242,"9/6/98",1998,9,6,"A"
"170",13.49226369,4.562203205,"10/6/98",1998,10,6,"A"
"171",17.93894457,7.482623128,"1/6/99",1999,1,6,"A"
"172",13.49839945,5.887084377,"2/6/99",1999,2,6,"A"
"173",16.88124216,6.728452536,"3/6/99",1999,3,6,"A"
"174",17.10780267,5.168793229,"4/6/99",1999,4,6,"A"
"175",11.94091914,7.320335997,"5/6/99",1999,5,6,"A"
"176",15.8904728,5.46455902,"6/6/99",1999,6,6,"A"
"177",16.38258501,5.850459238,"7/6/99",1999,7,6,"A"
"178",13.82148662,3.713349521,"8/6/99",1999,8,6,"A"
"179",16.45236187,7.621363077,"9/6/99",1999,9,6,"A"
"180",17.70007039,5.929355712,"10/6/99",1999,10,6,"A"
"181",15.88844911,5.450276666,"11/6/99",1999,11,6,"A"
"182",13.78627279,3.907050589,"12/6/99",1999,12,6,"A"
"183",14.74127149,3.561631773,"1/6/00",2000,1,6,"A"
"184",14.54101477,6.73255915,"2/6/00",2000,2,6,"A"
"185",15.72675322,5.046109223,"3/6/00",2000,3,6,"A"
"186",12.57622772,5.889236447,"5/6/00",2000,5,6,"A"
"187",16.45714316,7.745298752,"6/6/00",2000,6,6,"A"
"188",12.98043394,5.636472273,"7/6/00",2000,7,6,"A"
"189",19.05671393,5.522963278,"9/6/00",2000,9,6,"A"
"190",15.7377752,6.104557787,"10/6/00",2000,10,6,"A"
"191",15.43941346,5.994986614,"11/6/00",2000,11,6,"A"
"192",13.3203323,8.281509345,"12/6/00",2000,12,6,"A"
"193",16.36881759,7.641670979,"1/6/01",2001,1,6,"A"
"194",11.30551208,6.069434664,"2/6/01",2001,2,6,"A"
"195",17.19507657,5.454032051,"3/6/01",2001,3,6,"A"
"196",16.91320832,6.662577413,"4/6/01",2001,4,6,"A"
"197",14.14987332,6.752606709,"5/6/01",2001,5,6,"A"
"198",17.56764709,7.255861582,"6/6/01",2001,6,6,"A"
"199",15.89492739,6.876047188,"7/6/01",2001,7,6,"A"
"200",14.44535333,4.030369714,"8/6/01",2001,8,6,"A"
"201",14.10750666,5.625084183,"9/6/01",2001,9,6,"A"
"202",16.84987824,7.271712901,"10/6/01",2001,10,6,"A"
"203",16.71776194,6.042776303,"11/6/01",2001,11,6,"A"
"204",16.3252384,7.364375522,"12/6/01",2001,12,6,"A"
"205",11.9386275,5.856118788,"1/6/02",2002,1,6,"A"
"206",15.22198678,7.425006875,"2/6/02",2002,2,6,"A"
"207",15.16323981,3.851366013,"3/6/02",2002,3,6,"A"
"208",13.08653939,7.459945867,"4/6/02",2002,4,6,"A"
"209",14.02640568,8.465729108,"5/6/02",2002,5,6,"A"
"210",17.43097147,5.256016168,"6/6/02",2002,6,6,"A"
"211",15.92326048,4.159345531,"7/6/02",2002,7,6,"A"
"212",14.78205636,5.61157158,"8/6/02",2002,8,6,"A"
"213",16.01028492,9.511658841,"9/6/02",2002,9,6,"A"
"214",14.72051729,6.464200032,"10/6/02",2002,10,6,"A"
"215",13.88022104,4.725416486,"11/6/02",2002,11,6,"A"
"216",13.76217613,5.492332779,"12/6/02",2002,12,6,"A"
"217",14.2321452,4.839977058,"1/6/03",2003,1,6,"A"
"218",13.03303149,5.191567762,"2/6/03",2003,2,6,"A"
"219",16.78211932,5.663643624,"3/6/03",2003,3,6,"A"
"220",13.0982215,3.616091155,"4/6/03",2003,4,6,"A"
"221",15.81132208,7.599801853,"5/6/03",2003,5,6,"A"
"222",15.74123092,5.822629772,"6/6/03",2003,6,6,"A"
"223",14.14784718,6.29106407,"7/6/03",2003,7,6,"A"
"224",15.98490082,5.29402622,"8/6/03",2003,8,6,"A"
"225",14.35721997,5.589882005,"9/6/03",2003,9,6,"A"
"226",16.22761886,7.477381195,"10/6/03",2003,10,6,"A"
"227",12.27091671,5.515620543,"11/6/03",2003,11,6,"A"
"228",18.93204975,6.736079388,"12/6/03",2003,12,6,"A"
"229",18.36538857,7.542766446,"1/6/04",2004,1,6,"A"
"230",17.15712487,5.258513252,"2/6/04",2004,2,6,"A"
"231",15.00238409,7.055439401,"3/6/04",2004,3,6,"A"
"232",16.81747885,6.01596929,"4/6/04",2004,4,6,"A"
"233",13.81962849,4.630731919,"5/6/04",2004,5,6,"A"
"234",14.75274663,5.772706691,"6/6/04",2004,6,6,"A"
"235",15.74182793,6.494554194,"7/6/04",2004,7,6,"A"
"236",14.2353185,6.024793967,"8/6/04",2004,8,6,"A"
"237",16.39329193,6.119548465,"9/6/04",2004,9,6,"A"
"238",15.23493303,5.087484946,"10/6/04",2004,10,6,"A"
"239",17.51017052,6.565974459,"11/6/04",2004,11,6,"A"
"240",16.11006977,5.902967018,"12/6/04",2004,12,6,"A"
"241",14.03841981,6.806786475,"1/6/05",2005,1,6,"A"
"242",16.08452587,5.968111956,"2/6/05",2005,2,6,"A"
"243",18.59364705,7.447668673,"3/6/05",2005,3,6,"A"
"244",18.89454616,6.502615604,"4/6/05",2005,4,6,"A"
"245",15.37667726,6.622194618,"5/6/05",2005,5,6,"A"
"246",16.87331201,7.004624871,"6/6/05",2005,6,6,"A"
"247",18.32244816,7.055993398,"7/6/05",2005,7,6,"A"
"248",15.48196504,6.72767428,"8/6/05",2005,8,6,"A"
"249",18.17888407,7.13350277,"9/6/05",2005,9,6,"A"
"250",12.47684089,6.329211317,"10/6/05",2005,10,6,"A"
"251",16.65772884,7.178102753,"11/6/05",2005,11,6,"A"
"252",14.95649629,6.173741242,"12/6/05",2005,12,6,"A"
"253",15.14273429,6.590908491,"1/6/06",2006,1,6,"A"
"254",15.2788767,7.155208475,"2/6/06",2006,2,6,"A"
"255",13.00704693,6.402466432,"3/6/06",2006,3,6,"A"
"256",15.25402777,7.443741583,"4/6/06",2006,4,6,"A"
"257",16.0583756,6.18921713,"5/6/06",2006,5,6,"A"
"258",13.63143507,6.604956816,"6/6/06",2006,6,6,"A"
"259",16.80617006,5.555180639,"7/6/06",2006,7,6,"A"
"260",15.94731282,6.914826397,"8/6/06",2006,8,6,"A"
"261",15.25171477,5.399279811,"9/6/06",2006,9,6,"A"
"262",15.41175656,7.462638063,"10/6/06",2006,10,6,"A"
"263",14.45243292,6.290967064,"11/6/06",2006,11,6,"A"
"264",13.21305513,5.972798362,"12/6/06",2006,12,6,"A"
"265",17.71025364,5.723198257,"1/6/07",2007,1,6,"A"
"266",15.77533749,6.552984016,"2/6/07",2007,2,6,"A"
"267",15.64669394,6.720334432,"3/6/07",2007,3,6,"A"
"268",12.22875532,6.185298633,"4/6/07",2007,4,6,"A"
"269",18.24051086,6.265878334,"5/6/07",2007,5,6,"A"
"270",13.39461226,7.261798906,"6/6/07",2007,6,6,"A"
"271",16.03387831,5.700250763,"7/6/07",2007,7,6,"A"
"272",16.09785366,6.339068191,"8/6/07",2007,8,6,"A"
"273",14.58459681,7.06454311,"9/6/07",2007,9,6,"A"
"274",14.59963022,5.593342535,"10/6/07",2007,10,6,"A"
"275",15.5276522,7.174881886,"11/6/07",2007,11,6,"A"
"276",17.84987685,5.655176392,"12/6/07",2007,12,6,"A"
"277",10.75527786,5.89500509,"1/6/08",2008,1,6,"A"
"278",16.82654431,5.811052868,"2/6/08",2008,2,6,"A"
"279",18.97866586,6.025613201,"3/6/08",2008,3,6,"A"
"280",14.64791292,6.504732059,"4/6/08",2008,4,6,"A"
"281",15.74610279,5.482539197,"5/6/08",2008,5,6,"A"
"282",18.18312011,7.764131453,"6/6/08",2008,6,6,"A"
"283",19.97088366,4.757683777,"7/6/08",2008,7,6,"A"
"284",16.39419587,7.252075073,"8/6/08",2008,8,6,"A"
"285",13.87747271,6.953922413,"9/6/08",2008,9,6,"A"
"286",16.81228556,6.053380515,"10/6/08",2008,10,6,"A"
"287",15.50645867,7.39498688,"11/6/08",2008,11,6,"A"
"288",13.59700753,5.701502629,"12/6/08",2008,12,6,"A"
"289",15.88518138,6.48321178,"1/6/09",2009,1,6,"A"
"290",18.49885232,6.051664495,"2/6/09",2009,2,6,"A"
"291",14.0744148,5.660530937,"3/6/09",2009,3,6,"A"
"292",16.42409371,6.370460705,"4/6/09",2009,4,6,"A"
"293",14.49156213,6.289174247,"5/6/09",2009,5,6,"A"
"294",14.21044969,7.261891941,"6/6/09",2009,6,6,"A"
"295",15.79664844,6.705172897,"7/6/09",2009,7,6,"A"
"296",15.36991624,7.060820125,"8/6/09",2009,8,6,"A"
"297",16.69332586,6.424692937,"9/6/09",2009,9,6,"A"
"298",17.34013472,6.848863731,"10/6/09",2009,10,6,"A"
"299",14.71517978,6.842597804,"11/6/09",2009,11,6,"A"
"300",20.78380102,5.041791425,"12/6/09",2009,12,6,"A"
"301",17.54432467,5.803478651,"1/6/10",2010,1,6,"A"
"302",18.41726241,5.436907601,"2/6/10",2010,2,6,"A"
"303",11.07843556,6.428581238,"3/6/10",2010,3,6,"A"
"304",15.59468395,6.167086402,"4/6/10",2010,4,6,"A"
"305",18.02629228,6.428681206,"5/6/10",2010,5,6,"A"
"306",14.44412649,6.541772614,"6/6/10",2010,6,6,"A"
"307",15.44783125,4.524300162,"7/6/10",2010,7,6,"A"
"308",15.54588875,6.706306174,"8/6/10",2010,8,6,"A"
"309",18.50067165,6.856671428,"9/6/10",2010,9,6,"A"
"310",15.03526208,6.21051308,"10/6/10",2010,10,6,"A"
"311",15.63117996,5.099738876,"11/6/10",2010,11,6,"A"
"312",15.62641272,6.748407839,"12/6/10",2010,12,6,"A"
"313",18.1756655,7.203393456,"1/6/11",2011,1,6,"A"
"314",17.41847738,6.26748221,"2/6/11",2011,2,6,"A"
"315",17.18116241,5.57991141,"3/6/11",2011,3,6,"A"
"316",16.5952895,7.297906575,"4/6/11",2011,4,6,"A"
"317",13.63824163,6.30297072,"5/6/11",2011,5,6,"A"
"318",14.56835083,6.280174686,"6/6/11",2011,6,6,"A"
"319",15.27540866,5.541755357,"7/6/11",2011,7,6,"A"
"320",16.31636956,6.810900798,"8/6/11",2011,8,6,"A"
"321",16.38692179,6.647319498,"9/6/11",2011,9,6,"A"
"322",13.70539925,6.130672732,"10/6/11",2011,10,6,"A"
"323",19.95580883,7.500147466,"11/6/11",2011,11,6,"A"
"324",14.00352193,5.575686584,"12/6/11",2011,12,6,"A"
"325",14.29799604,6.624045771,"1/6/12",2012,1,6,"A"
"326",15.11197208,5.684201979,"2/6/12",2012,2,6,"A"
"327",13.59245675,7.067366574,"3/6/12",2012,3,6,"A"
"328",18.64633571,5.916043609,"4/6/12",2012,4,6,"A"
"329",16.59051703,6.519276763,"5/6/12",2012,5,6,"A"
"330",17.51015535,5.959528048,"6/6/12",2012,6,6,"A"
"331",13.15808435,7.517394627,"7/6/12",2012,7,6,"A"
"332",13.35901502,5.440948131,"8/6/12",2012,8,6,"A"
"333",16.51136215,6.577046699,"9/6/12",2012,9,6,"A"
"334",16.78015107,5.942993729,"10/6/12",2012,10,6,"A"
"335",12.93301809,6.364771293,"11/6/12",2012,11,6,"A"
"336",16.00029124,7.301599923,"12/6/12",2012,12,6,"A"
"337",16.64472448,5.425233133,"1/6/13",2013,1,6,"A"
"338",16.47562001,7.03595469,"2/6/13",2013,2,6,"A"
"339",14.16281268,7.199087255,"3/6/13",2013,3,6,"A"
"340",17.56377174,7.135524748,"4/6/13",2013,4,6,"A"
"341",15.72434394,7.712085977,"5/6/13",2013,5,6,"A"
"342",11.43231224,6.14676892,"6/6/13",2013,6,6,"A"
"343",16.57280005,6.858007899,"7/6/13",2013,7,6,"A"
"344",16.17053449,6.767999636,"8/6/13",2013,8,6,"A"
"345",13.09362827,6.629703752,"9/6/13",2013,9,6,"A"
"346",15.90114401,5.826966914,"10/6/13",2013,10,6,"A"
"347",15.69557725,6.870823175,"11/6/13",2013,11,6,"A"
"348",15.16917595,6.240466041,"12/6/13",2013,12,6,"A"
"349",17.43477775,4.857476952,"1/6/14",2014,1,6,"A"
"350",16.17435789,6.401997647,"2/6/14",2014,2,6,"A"
"351",14.47256072,6.212891115,"3/6/14",2014,3,6,"A"
"352",16.01840512,5.715988313,"4/6/14",2014,4,6,"A"
"353",14.02099365,6.280340596,"5/6/14",2014,5,6,"A"
"354",17.45562741,6.18826023,"6/6/14",2014,6,6,"A"
"355",19.2471101,7.889352721,"7/6/14",2014,7,6,"A"
"356",12.48020163,7.095881677,"8/6/14",2014,8,6,"A"
"357",19.008134,7.663733703,"9/6/14",2014,9,6,"A"
"358",13.73297423,7.357267553,"10/6/14",2014,10,6,"A"
"359",13.2601452,7.402142353,"11/6/14",2014,11,6,"A"
"360",17.11301862,7.826343419,"12/6/14",2014,12,6,"A"
"361",14.58198335,7.641478228,"1/6/15",2015,1,6,"A"
"362",15.56368148,7.545940479,"2/6/15",2015,2,6,"A"
"363",18.7859748,7.144035714,"3/6/15",2015,3,6,"A"
"364",16.26846375,7.236848645,"4/6/15",2015,4,6,"A"
"365",15.95059133,7.66534005,"5/6/15",2015,5,6,"A"
"366",16.44036655,7.056340241,"6/6/15",2015,6,6,"A"
"367",17.32835258,6.871129205,"7/6/15",2015,7,6,"A"
"368",17.59524341,7.665109267,"8/6/15",2015,8,6,"A"
"369",16.18942392,6.867651884,"9/6/15",2015,9,6,"A"
"370",15.03076599,6.503738702,"10/6/15",2015,10,6,"A"
"371",20.48990703,7.268741159,"11/6/15",2015,11,6,"A"
"372",17.53917908,7.102238444,"12/6/15",2015,12,6,"A"
"373",16.62273279,7.444305811,"1/6/16",2016,1,6,"A"
"374",15.27743072,6.531891665,"2/6/16",2016,2,6,"A"
"375",15.63723041,6.805178199,"3/6/16",2016,3,6,"A"
"376",16.04433856,7.652917438,"4/6/16",2016,4,6,"A"
"377",16.19110883,6.693426063,"5/6/16",2016,5,6,"A"
"378",19.69553712,7.446268956,"6/6/16",2016,6,6,"A"
"379",16.85998689,7.299610113,"7/6/16",2016,7,6,"A"
"380",11.86013735,7.243587146,"8/6/16",2016,8,6,"A"
"381",16.22896316,8.08979626,"9/6/16",2016,9,6,"A"
"382",13.5298957,7.208109866,"10/6/16",2016,10,6,"A"
"383",19.90484906,7.294191447,"11/6/16",2016,11,6,"A"
"384",14.56199869,7.010244944,"12/6/16",2016,12,6,"A"
"385",15.52918569,7.112294638,"1/6/17",2017,1,6,"A"
"386",16.10935142,7.071251933,"2/6/17",2017,2,6,"A"
"387",17.20330573,6.407001442,"3/6/17",2017,3,6,"A"
"388",16.35736223,7.608880046,"4/6/17",2017,4,6,"A"
"389",12.2600721,7.285828566,"5/6/17",2017,5,6,"A"
"390",17.49553016,7.062684754,"6/6/17",2017,6,6,"A"
"391",15.27896342,7.638252256,"7/6/17",2017,7,6,"A"
"392",12.87164352,7.130799524,"8/6/17",2017,8,6,"A"
"393",15.78656924,7.211978254,"9/6/17",2017,9,6,"A"
"394",18.83700331,7.324533846,"10/6/17",2017,10,6,"A"
"395",17.78267832,6.534714392,"11/6/17",2017,11,6,"A"
"396",16.44643549,7.31699355,"12/6/17",2017,12,6,"A"
"397",15.08775364,7.04341898,"1/6/18",2018,1,6,"A"
"398",17.42745077,6.826077596,"2/6/18",2018,2,6,"A"
"399",15.97648442,6.771569838,"3/6/18",2018,3,6,"A"
"400",19.76799214,6.707196054,"4/6/18",2018,4,6,"A"
"401",14.44763477,7.115963979,"5/6/18",2018,5,6,"A"
"402",15.3564673,6.443022365,"6/6/18",2018,6,6,"A"
"403",19.43851489,7.327499658,"7/6/18",2018,7,6,"A"
"404",16.17769527,7.391124336,"8/6/18",2018,8,6,"A"
"405",16.29484665,7.381943683,"9/6/18",2018,9,6,"A"
"406",14.88966088,6.730407032,"10/6/18",2018,10,6,"A"
"407",19.81604843,7.384581508,"11/6/18",2018,11,6,"A"
"408",13.09191432,7.253661419,"12/6/18",2018,12,6,"A"
"409",14.85134701,7.112267485,"1/6/19",2019,1,6,"A"
"410",15.6524329,7.590371845,"2/6/19",2019,2,6,"A"
"411",14.31465347,7.262786672,"3/6/19",2019,3,6,"A"
"412",16.47941766,7.627822651,"4/6/19",2019,4,6,"A"
"413",14.26182332,7.358171026,"5/6/19",2019,5,6,"A"
"414",12.70894592,7.436202289,"6/6/19",2019,6,6,"A"
"415",16.1625528,6.893393418,"7/6/19",2019,7,6,"A"
"416",16.42727325,7.394245465,"8/6/19",2019,8,6,"A"
"417",17.81809871,7.199803064,"9/6/19",2019,9,6,"A"
"418",17.75658412,7.656845349,"10/6/19",2019,10,6,"A"
"419",14.0142488,7.477820701,"11/6/19",2019,11,6,"A"
"420",14.0989817,6.961844277,"12/6/19",2019,12,6,"A"
"421",16.30558354,6.716578078,"1/6/20",2020,1,6,"A"
"422",19.70122456,7.472771081,"2/6/20",2020,2,6,"A"
"423",17.4507875,7.19724141,"3/6/20",2020,3,6,"A"
"424",17.81375759,7.387123286,"4/6/20",2020,4,6,"A"
"425",17.31807038,7.334211806,"5/6/20",2020,5,6,"A"
"426",14.91270526,8.048582288,"6/6/20",2020,6,6,"A"
"427",15.68382808,7.054029526,"7/6/20",2020,7,6,"A"
"428",15.93459151,7.484150299,"8/6/20",2020,8,6,"A"
"429",15.09735347,7.236603595,"9/6/20",2020,9,6,"A"
"430",18.18725543,6.894105286,"10/6/20",2020,10,6,"A"
"431",20.0887965,7.447583257,"11/6/20",2020,11,6,"A"
"432",17.53964956,6.607725032,"12/6/20",2020,12,6,"A"
"433",9.049840841,7.031222032,"1/6/21",2021,1,6,"A"
"434",16.51980473,7.670190322,"2/6/21",2021,2,6,"A"
"435",16.74816579,7.314038234,"3/6/21",2021,3,6,"A"
"436",17.06399349,7.884591703,"4/6/21",2021,4,6,"A"
"437",12.88955361,6.834657966,"5/6/21",2021,5,6,"A"
"438",15.08667415,8.18094508,"6/6/21",2021,6,6,"A"
"439",12.63201076,7.157856997,"7/6/21",2021,7,6,"A"
"440",15.44155736,7.644682837,"8/6/21",2021,8,6,"A"
"441",17.47740417,7.433729456,"9/6/21",2021,9,6,"A"
"442",15.72594123,7.051004414,"10/6/21",2021,10,6,"A"
"443",15.87945875,6.714953838,"11/6/21",2021,11,6,"A"
"444",15.99155223,6.794098089,"12/6/21",2021,12,6,"A"
"445",19.19067092,7.332371756,"1/6/22",2022,1,6,"A"
"446",15.65624086,6.691870826,"2/6/22",2022,2,6,"A"
"447",16.52524606,6.792240429,"3/6/22",2022,3,6,"A"
"448",14.49300345,8.046009592,"4/6/22",2022,4,6,"A"
"449",17.11233909,7.517358359,"5/6/22",2022,5,6,"A"
"450",18.37004738,6.697068531,"6/6/22",2022,6,6,"A"
"451",16.9762209,7.073280234,"7/6/22",2022,7,6,"A"
"452",15.10778324,6.92128674,"8/6/22",2022,8,6,"A"
"453",17.38783781,7.033265175,"9/6/22",2022,9,6,"A"
"454",18.24618445,7.264011329,"10/6/22",2022,10,6,"A"
"455",14.35713582,7.967143573,"11/6/22",2022,11,6,"A"
"456",15.24699339,7.296040958,"12/6/22",2022,12,6,"A"
"457",15.71319318,6.910963026,"1/6/23",2023,1,6,"A"
"458",11.82131845,7.884805659,"2/6/23",2023,2,6,"A"
"459",14.96520384,7.531364087,"3/6/23",2023,3,6,"A"
"460",17.58179297,6.386198016,"4/6/23",2023,4,6,"A"
"461",16.82082034,7.296311575,"5/6/23",2023,5,6,"A"
"462",19.33849007,7.115813198,"6/6/23",2023,6,6,"A"
"463",19.01332752,7.411149121,"7/6/23",2023,7,6,"A"
"464",15.60334876,6.915662395,"8/6/23",2023,8,6,"A"
"465",17.56454875,7.509092073,"9/6/23",2023,9,6,"A"
"466",11.96461279,10.21428149,"1/6/83",1983,1,6,"B"
"467",16.73397146,9.028095852,"2/6/83",1983,2,6,"B"
"468",12.68081815,9.986920774,"3/6/83",1983,3,6,"B"
"469",14.04015535,9.608429502,"4/6/83",1983,4,6,"B"
"470",11.04961958,8.202344962,"5/6/83",1983,5,6,"B"
"471",14.35067669,9.473631881,"6/6/83",1983,6,6,"B"
"472",17.29650747,11.1526232,"7/6/83",1983,7,6,"B"
"473",12.05214157,9.064207073,"8/6/83",1983,8,6,"B"
"474",16.49759274,10.04200536,"9/6/83",1983,9,6,"B"
"475",14.0365455,10.49719405,"10/6/83",1983,10,6,"B"
"476",17.08663232,10.19880307,"11/6/83",1983,11,6,"B"
"477",12.18465734,9.1949972,"12/6/83",1983,12,6,"B"
"478",13.75534983,9.926661128,"1/6/84",1984,1,6,"B"
"479",15.71184474,8.862091492,"2/6/84",1984,2,6,"B"
"480",15.59470309,10.42962237,"3/6/84",1984,3,6,"B"
"481",11.35199802,9.405733504,"4/6/84",1984,4,6,"B"
"482",12.69394233,10.50543205,"5/6/84",1984,5,6,"B"
"483",19.03620968,8.857865171,"6/6/84",1984,6,6,"B"
"484",14.43230273,10.04377227,"7/6/84",1984,7,6,"B"
"485",13.74974379,10.31359381,"8/6/84",1984,8,6,"B"
"486",13.17655965,9.399931696,"9/6/84",1984,9,6,"B"
"487",10.89719146,9.991603176,"10/6/84",1984,10,6,"B"
"488",10.76772957,11.18051751,"11/6/84",1984,11,6,"B"
"489",13.51915334,8.90072212,"12/6/84",1984,12,6,"B"
"490",11.18966558,11.15119332,"1/6/85",1985,1,6,"B"
"491",11.55198955,9.61780917,"2/6/85",1985,2,6,"B"
"492",11.4387367,10.30616332,"3/6/85",1985,3,6,"B"
"493",9.645089067,10.52985432,"4/6/85",1985,4,6,"B"
"494",11.76523915,9.754126258,"5/6/85",1985,5,6,"B"
"495",15.68413667,10.42666303,"6/6/85",1985,6,6,"B"
"496",13.49954509,9.586408406,"7/6/85",1985,7,6,"B"
"497",16.25847428,10.8096595,"8/6/85",1985,8,6,"B"
"498",13.88398473,10.75476775,"9/6/85",1985,9,6,"B"
"499",14.83182628,9.61743567,"10/6/85",1985,10,6,"B"
"500",12.46140291,10.52611985,"11/6/85",1985,11,6,"B"
"501",11.09714131,8.835523078,"12/6/85",1985,12,6,"B"
"502",14.79315791,9.302122908,"1/6/86",1986,1,6,"B"
"503",12.89763338,8.850911091,"2/6/86",1986,2,6,"B"
"504",10.45794367,9.112311867,"3/6/86",1986,3,6,"B"
"505",13.68218445,9.529012019,"4/6/86",1986,4,6,"B"
"506",9.756127604,9.995179826,"5/6/86",1986,5,6,"B"
"507",10.97912154,9.162129507,"8/6/86",1986,8,6,"B"
"508",8.047286829,8.17694299,"9/6/86",1986,9,6,"B"
"509",17.43474805,9.082746333,"11/6/86",1986,11,6,"B"
"510",15.72307427,9.830188685,"12/6/86",1986,12,6,"B"
"511",15.33826163,10.0077241,"1/6/87",1987,1,6,"B"
"512",13.30037934,10.1278267,"2/6/87",1987,2,6,"B"
"513",12.88422265,8.550768219,"3/6/87",1987,3,6,"B"
"514",13.69778631,10.7168989,"4/6/87",1987,4,6,"B"
"515",12.04826709,10.05974339,"5/6/87",1987,5,6,"B"
"516",9.781270223,10.11323455,"6/6/87",1987,6,6,"B"
"517",14.90800094,10.09459111,"8/6/87",1987,8,6,"B"
"518",11.85404035,11.55219304,"9/6/87",1987,9,6,"B"
"519",15.49249309,8.605815807,"10/6/87",1987,10,6,"B"
"520",13.1470087,8.379213502,"11/6/87",1987,11,6,"B"
"521",12.83871441,10.12662879,"12/6/87",1987,12,6,"B"
"522",10.42757969,10.78254868,"1/6/88",1988,1,6,"B"
"523",11.76741086,9.358992795,"2/6/88",1988,2,6,"B"
"524",14.53382632,9.088034881,"3/6/88",1988,3,6,"B"
"525",13.70351976,9.532209915,"4/6/88",1988,4,6,"B"
"526",10.48196546,9.291835031,"5/6/88",1988,5,6,"B"
"527",7.628292365,11.27701112,"6/6/88",1988,6,6,"B"
"528",7.958077369,8.824418255,"7/6/88",1988,7,6,"B"
"529",13.97909901,11.26478307,"8/6/88",1988,8,6,"B"
"530",16.06262766,10.17924576,"9/6/88",1988,9,6,"B"
"531",13.55073167,9.99624017,"10/6/88",1988,10,6,"B"
"532",15.20746284,10.29074383,"11/6/88",1988,11,6,"B"
"533",12.5311309,8.225064274,"12/6/88",1988,12,6,"B"
"534",13.70376383,9.652329433,"1/6/89",1989,1,6,"B"
"535",13.28174796,8.337270748,"2/6/89",1989,2,6,"B"
"536",15.59094958,10.10291565,"4/6/89",1989,4,6,"B"
"537",13.39412288,10.0342562,"5/6/89",1989,5,6,"B"
"538",11.54764359,8.298351515,"6/6/89",1989,6,6,"B"
"539",8.398029053,7.954191524,"7/6/89",1989,7,6,"B"
"540",14.58804111,8.172884956,"8/6/89",1989,8,6,"B"
"541",17.89763317,9.534672659,"10/6/89",1989,10,6,"B"
"542",13.64824074,9.643615471,"11/6/89",1989,11,6,"B"
"543",14.58808177,10.30449598,"12/6/89",1989,12,6,"B"
"544",11.37951254,8.676753613,"1/6/90",1990,1,6,"B"
"545",14.75784504,10.24380826,"2/6/90",1990,2,6,"B"
"546",13.89364159,10.53878619,"3/6/90",1990,3,6,"B"
"547",12.11449354,11.02588421,"4/6/90",1990,4,6,"B"
"548",11.32775984,10.61558182,"5/6/90",1990,5,6,"B"
"549",18.02734098,10.19693363,"6/6/90",1990,6,6,"B"
"550",11.06091381,9.619805875,"7/6/90",1990,7,6,"B"
"551",7.157740869,9.880311419,"8/6/90",1990,8,6,"B"
"552",12.36985074,11.0178086,"9/6/90",1990,9,6,"B"
"553",10.5204039,11.25301061,"10/6/90",1990,10,6,"B"
"554",13.496491,9.81413863,"11/6/90",1990,11,6,"B"
"555",10.72614676,11.19168499,"12/6/90",1990,12,6,"B"
"556",16.45793733,9.532979297,"1/6/91",1991,1,6,"B"
"557",13.57254773,10.90526539,"2/6/91",1991,2,6,"B"
"558",19.63787043,8.423419227,"3/6/91",1991,3,6,"B"
"559",19.28883922,9.776544647,"4/6/91",1991,4,6,"B"
"560",12.31352816,11.1571545,"5/6/91",1991,5,6,"B"
"561",12.87883316,8.708379861,"6/6/91",1991,6,6,"B"
"562",15.40928082,10.37920898,"7/6/91",1991,7,6,"B"
"563",15.31284187,10.05456828,"8/6/91",1991,8,6,"B"
"564",16.75830857,7.992601313,"9/6/91",1991,9,6,"B"
"565",14.26035861,9.8139944,"10/6/91",1991,10,6,"B"
"566",13.50490762,11.3131357,"11/6/91",1991,11,6,"B"
"567",9.496601038,10.04550643,"12/6/91",1991,12,6,"B"
"568",14.63155981,10.52367296,"1/6/92",1992,1,6,"B"
"569",8.243145096,9.306380864,"2/6/92",1992,2,6,"B"
"570",11.32774412,8.74208536,"3/6/92",1992,3,6,"B"
"571",12.05651883,9.159912602,"4/6/92",1992,4,6,"B"
"572",9.416398332,9.093838216,"5/6/92",1992,5,6,"B"
"573",11.80384519,10.65015047,"6/6/92",1992,6,6,"B"
"574",7.422494555,10.00703242,"7/6/92",1992,7,6,"B"
"575",8.602696847,8.979811687,"8/6/92",1992,8,6,"B"
"576",7.246906127,8.533886402,"9/6/92",1992,9,6,"B"
"577",9.276532996,8.484946168,"10/6/92",1992,10,6,"B"
"578",10.94817202,8.118524885,"11/6/92",1992,11,6,"B"
"579",15.53884749,11.34292306,"12/6/92",1992,12,6,"B"
"580",15.19063853,7.51950875,"1/6/93",1993,1,6,"B"
"581",13.05973078,9.952423046,"2/6/93",1993,2,6,"B"
"582",8.353184239,11.46487419,"3/6/93",1993,3,6,"B"
"583",12.78505292,9.490142048,"4/6/93",1993,4,6,"B"
"584",16.27358306,10.19486621,"5/6/93",1993,5,6,"B"
"585",12.4985378,9.586148406,"6/6/93",1993,6,6,"B"
"586",16.44809079,8.572204756,"7/6/93",1993,7,6,"B"
"587",16.05210149,8.072814436,"8/6/93",1993,8,6,"B"
"588",10.65647212,10.03033045,"9/6/93",1993,9,6,"B"
"589",8.261149137,9.650576248,"10/6/93",1993,10,6,"B"
"590",14.77511874,9.810426924,"11/6/93",1993,11,6,"B"
"591",11.34917235,9.232780773,"12/6/93",1993,12,6,"B"
"592",10.10176883,8.099229651,"1/6/94",1994,1,6,"B"
"593",15.4448575,9.998151983,"2/6/94",1994,2,6,"B"
"594",15.64483479,8.259970437,"3/6/94",1994,3,6,"B"
"595",15.80153755,10.10345416,"4/6/94",1994,4,6,"B"
"596",20.1799404,9.741754415,"5/6/94",1994,5,6,"B"
"597",13.09626345,9.091972592,"6/6/94",1994,6,6,"B"
"598",13.63281196,11.39259538,"3/6/95",1995,3,6,"B"
"599",15.92919641,10.48960552,"5/6/95",1995,5,6,"B"
"600",11.53061856,11.58035097,"6/6/95",1995,6,6,"B"
"601",16.9113629,8.418249276,"7/6/95",1995,7,6,"B"
"602",17.23327562,9.346969717,"8/6/95",1995,8,6,"B"
"603",16.55233253,7.940580951,"9/6/95",1995,9,6,"B"
"604",14.57800087,10.38786012,"10/6/95",1995,10,6,"B"
"605",12.0528155,9.481499707,"11/6/95",1995,11,6,"B"
"606",11.06139147,9.547329744,"12/6/95",1995,12,6,"B"
"607",16.54141475,10.08218037,"4/6/96",1996,4,6,"B"
"608",8.725027404,10.35370184,"5/6/96",1996,5,6,"B"
"609",10.67614331,9.154589212,"6/6/96",1996,6,6,"B"
"610",13.74547695,10.66995522,"7/6/96",1996,7,6,"B"
"611",19.00709997,8.62952989,"8/6/96",1996,8,6,"B"
"612",15.85665611,10.905143,"9/6/96",1996,9,6,"B"
"613",14.678653,9.522995745,"10/6/96",1996,10,6,"B"
"614",14.3319776,11.05369303,"11/6/96",1996,11,6,"B"
"615",15.30495037,10.01672049,"12/6/96",1996,12,6,"B"
"616",9.116834027,8.972653151,"1/6/97",1997,1,6,"B"
"617",11.36278395,11.64052999,"2/6/97",1997,2,6,"B"
"618",15.12395246,10.91435669,"3/6/97",1997,3,6,"B"
"619",11.46601839,11.7791144,"4/6/97",1997,4,6,"B"
"620",14.74763807,10.27152159,"5/6/97",1997,5,6,"B"
"621",15.25874834,11.54851428,"6/6/97",1997,6,6,"B"
"622",6.885569174,8.898248835,"7/6/97",1997,7,6,"B"
"623",17.50899053,11.95188812,"9/6/97",1997,9,6,"B"
"624",12.22021411,11.96740361,"10/6/97",1997,10,6,"B"
"625",9.889296155,7.417173391,"12/6/97",1997,12,6,"B"
"626",12.77700554,10.44396334,"1/6/98",1998,1,6,"B"
"627",12.93887863,7.974038254,"2/6/98",1998,2,6,"B"
"628",11.6207894,11.56980007,"3/6/98",1998,3,6,"B"
"629",12.11477498,10.79982926,"4/6/98",1998,4,6,"B"
"630",13.36817057,10.25814675,"5/6/98",1998,5,6,"B"
"631",7.59312623,9.754170506,"6/6/98",1998,6,6,"B"
"632",15.64260007,11.97546485,"7/6/98",1998,7,6,"B"
"633",19.17207257,12.30613258,"8/6/98",1998,8,6,"B"
"634",12.53434158,12.46622139,"9/6/98",1998,9,6,"B"
"635",15.25608615,12.53382247,"10/6/98",1998,10,6,"B"
"636",22.55030736,8.479160985,"1/6/99",1999,1,6,"B"
"637",9.255064519,9.239769752,"2/6/99",1999,2,6,"B"
"638",14.76942222,9.86819169,"3/6/99",1999,3,6,"B"
"639",16.03693131,11.75755139,"4/6/99",1999,4,6,"B"
"640",12.96886289,11.80183482,"5/6/99",1999,5,6,"B"
"641",18.36180791,12.45461436,"6/6/99",1999,6,6,"B"
"642",10.19177612,9.541758919,"7/6/99",1999,7,6,"B"
"643",10.58029083,10.85040069,"8/6/99",1999,8,6,"B"
"644",9.516796977,9.170438697,"9/6/99",1999,9,6,"B"
"645",19.08862281,10.22247029,"10/6/99",1999,10,6,"B"
"646",12.16010263,9.596632652,"11/6/99",1999,11,6,"B"
"647",8.276514842,10.53440498,"12/6/99",1999,12,6,"B"
"648",14.04053675,9.571473808,"1/6/00",2000,1,6,"B"
"649",9.465039598,9.713215423,"2/6/00",2000,2,6,"B"
"650",11.31639221,11.5449674,"3/6/00",2000,3,6,"B"
"651",8.965812494,9.595521421,"5/6/00",2000,5,6,"B"
"652",13.76968135,8.071210471,"6/6/00",2000,6,6,"B"
"653",10.52212111,12.83218243,"7/6/00",2000,7,6,"B"
"654",11.27680257,11.03921244,"9/6/00",2000,9,6,"B"
"655",14.3170323,8.0197981,"10/6/00",2000,10,6,"B"
"656",11.13046872,13.61545919,"11/6/00",2000,11,6,"B"
"657",12.2418243,12.27724435,"12/6/00",2000,12,6,"B"
"658",17.12324342,9.499108133,"1/6/01",2001,1,6,"B"
"659",15.13316892,9.279827592,"2/6/01",2001,2,6,"B"
"660",16.84131905,12.08052657,"3/6/01",2001,3,6,"B"
"661",17.48810598,11.2055889,"4/6/01",2001,4,6,"B"
"662",12.76003887,9.594580884,"5/6/01",2001,5,6,"B"
"663",10.04918234,9.929476129,"6/6/01",2001,6,6,"B"
"664",12.10730184,9.925082323,"7/6/01",2001,7,6,"B"
"665",11.03583969,9.262524437,"8/6/01",2001,8,6,"B"
"666",12.26748182,9.150024321,"9/6/01",2001,9,6,"B"
"667",12.62249638,11.13650554,"10/6/01",2001,10,6,"B"
"668",15.31062378,8.380950071,"11/6/01",2001,11,6,"B"
"669",14.92814736,11.91661203,"12/6/01",2001,12,6,"B"
"670",11.62885403,11.31726265,"1/6/02",2002,1,6,"B"
"671",10.29534637,8.955533316,"2/6/02",2002,2,6,"B"
"672",13.27562987,10.13491999,"3/6/02",2002,3,6,"B"
"673",12.22505367,9.779101161,"4/6/02",2002,4,6,"B"
"674",9.786428206,10.98425364,"5/6/02",2002,5,6,"B"
"675",12.5752085,10.86995363,"6/6/02",2002,6,6,"B"
"676",19.0086557,11.34478886,"7/6/02",2002,7,6,"B"
"677",14.39999504,8.796232724,"8/6/02",2002,8,6,"B"
"678",10.51113719,10.13948689,"9/6/02",2002,9,6,"B"
"679",11.16748732,8.896275455,"10/6/02",2002,10,6,"B"
"680",11.2333691,9.775841611,"11/6/02",2002,11,6,"B"
"681",9.063411186,10.29017744,"12/6/02",2002,12,6,"B"
"682",16.24896994,8.609949623,"1/6/03",2003,1,6,"B"
"683",17.05743835,8.583543557,"2/6/03",2003,2,6,"B"
"684",10.51079078,9.804972952,"3/6/03",2003,3,6,"B"
"685",14.19879772,11.63733554,"4/6/03",2003,4,6,"B"
"686",11.57296328,8.655606097,"5/6/03",2003,5,6,"B"
"687",14.41156158,7.18636959,"6/6/03",2003,6,6,"B"
"688",13.68330738,9.989717623,"7/6/03",2003,7,6,"B"
"689",12.15656534,8.028786121,"8/6/03",2003,8,6,"B"
"690",11.9259138,10.06937331,"9/6/03",2003,9,6,"B"
"691",12.37786647,10.03656076,"10/6/03",2003,10,6,"B"
"692",18.9317118,6.775510724,"11/6/03",2003,11,6,"B"
"693",9.34463948,7.25015786,"12/6/03",2003,12,6,"B"
"694",16.08836876,8.016115991,"1/6/04",2004,1,6,"B"
"695",17.35609261,7.954103685,"2/6/04",2004,2,6,"B"
"696",16.30382486,8.792950728,"3/6/04",2004,3,6,"B"
"697",15.04498484,7.760890386,"4/6/04",2004,4,6,"B"
"698",8.724597779,7.940016223,"5/6/04",2004,5,6,"B"
"699",11.61463687,9.161381389,"6/6/04",2004,6,6,"B"
"700",16.9485598,7.926951836,"7/6/04",2004,7,6,"B"
"701",13.69139694,7.966687629,"8/6/04",2004,8,6,"B"
"702",13.3756712,8.718263508,"9/6/04",2004,9,6,"B"
"703",16.67007617,8.826340936,"10/6/04",2004,10,6,"B"
"704",19.172514,9.342960045,"11/6/04",2004,11,6,"B"
"705",13.49018878,8.682585134,"12/6/04",2004,12,6,"B"
"706",19.22694846,8.433095883,"1/6/05",2005,1,6,"B"
"707",22.56790751,7.998261903,"2/6/05",2005,2,6,"B"
"708",16.53505826,8.157487053,"3/6/05",2005,3,6,"B"
"709",14.79249538,9.234943955,"4/6/05",2005,4,6,"B"
"710",16.08878129,8.999116054,"5/6/05",2005,5,6,"B"
"711",11.73788267,8.562354639,"6/6/05",2005,6,6,"B"
"712",16.16409549,8.212832874,"7/6/05",2005,7,6,"B"
"713",17.03556715,7.260359201,"8/6/05",2005,8,6,"B"
"714",21.47371531,8.919827166,"9/6/05",2005,9,6,"B"
"715",14.54879851,8.055433383,"10/6/05",2005,10,6,"B"
"716",10.3082211,7.724559254,"11/6/05",2005,11,6,"B"
"717",12.88132702,8.479812383,"12/6/05",2005,12,6,"B"
"718",16.36688697,8.618650522,"1/6/06",2006,1,6,"B"
"719",13.53880136,8.106791021,"2/6/06",2006,2,6,"B"
"720",15.35284718,8.721875803,"3/6/06",2006,3,6,"B"
"721",10.04595008,8.488442959,"4/6/06",2006,4,6,"B"
"722",20.16166763,8.480492712,"5/6/06",2006,5,6,"B"
"723",13.69830599,7.985935728,"6/6/06",2006,6,6,"B"
"724",17.21462497,7.539539932,"7/6/06",2006,7,6,"B"
"725",19.72468382,7.867173366,"8/6/06",2006,8,6,"B"
"726",11.22671681,7.589452354,"9/6/06",2006,9,6,"B"
"727",20.78912618,7.606223264,"10/6/06",2006,10,6,"B"
"728",14.78269366,8.250467215,"11/6/06",2006,11,6,"B"
"729",17.31962604,8.17756314,"12/6/06",2006,12,6,"B"
"730",14.59451461,7.634928667,"1/6/07",2007,1,6,"B"
"731",9.551646101,7.241527535,"2/6/07",2007,2,6,"B"
"732",15.46586367,8.26677212,"3/6/07",2007,3,6,"B"
"733",17.00413789,7.713243684,"4/6/07",2007,4,6,"B"
"734",14.08561626,10.1885719,"5/6/07",2007,5,6,"B"
"735",15.73957817,9.220372868,"6/6/07",2007,6,6,"B"
"736",15.15659481,8.677494816,"7/6/07",2007,7,6,"B"
"737",12.28119597,7.193126111,"8/6/07",2007,8,6,"B"
"738",18.28341438,7.305220886,"9/6/07",2007,9,6,"B"
"739",15.06733366,7.629571518,"10/6/07",2007,10,6,"B"
"740",13.06780662,8.562622994,"11/6/07",2007,11,6,"B"
"741",14.59487537,8.67689921,"12/6/07",2007,12,6,"B"
"742",13.91294025,7.416844123,"1/6/08",2008,1,6,"B"
"743",17.65463398,7.284892465,"2/6/08",2008,2,6,"B"
"744",20.97712566,7.560377157,"3/6/08",2008,3,6,"B"
"745",13.48454437,7.719561725,"4/6/08",2008,4,6,"B"
"746",19.81130989,8.682047109,"5/6/08",2008,5,6,"B"
"747",14.52670992,8.773874807,"6/6/08",2008,6,6,"B"
"748",15.89887111,8.417933873,"7/6/08",2008,7,6,"B"
"749",18.64678173,8.441423699,"8/6/08",2008,8,6,"B"
"750",12.16477787,8.768974363,"9/6/08",2008,9,6,"B"
"751",16.71581589,8.356766728,"10/6/08",2008,10,6,"B"
"752",15.14857811,7.915239923,"11/6/08",2008,11,6,"B"
"753",18.4023134,8.936780959,"12/6/08",2008,12,6,"B"
"754",16.30513394,7.675628721,"1/6/09",2009,1,6,"B"
"755",21.14891915,9.343326919,"2/6/09",2009,2,6,"B"
"756",14.197012,8.348962122,"3/6/09",2009,3,6,"B"
"757",13.60822663,8.998185461,"4/6/09",2009,4,6,"B"
"758",15.93634464,8.282401722,"5/6/09",2009,5,6,"B"
"759",18.49685786,8.891508748,"6/6/09",2009,6,6,"B"
"760",14.81465799,8.049845519,"7/6/09",2009,7,6,"B"
"761",14.51746171,9.098362243,"8/6/09",2009,8,6,"B"
"762",16.83446811,7.998799823,"9/6/09",2009,9,6,"B"
"763",16.64893519,8.615361762,"10/6/09",2009,10,6,"B"
"764",13.61502405,8.517666967,"11/6/09",2009,11,6,"B"
"765",18.95054273,7.371151299,"12/6/09",2009,12,6,"B"
"766",15.79233583,7.28939254,"1/6/10",2010,1,6,"B"
"767",12.97014543,8.19067824,"2/6/10",2010,2,6,"B"
"768",12.92263085,8.405314501,"3/6/10",2010,3,6,"B"
"769",19.30664349,8.566007464,"4/6/10",2010,4,6,"B"
"770",14.34981641,8.458773271,"5/6/10",2010,5,6,"B"
"771",16.93362517,8.28215232,"6/6/10",2010,6,6,"B"
"772",11.52266005,8.638544382,"7/6/10",2010,7,6,"B"
"773",16.86474533,8.222384957,"8/6/10",2010,8,6,"B"
"774",16.61767608,9.989951283,"9/6/10",2010,9,6,"B"
"775",15.97244617,7.635726717,"10/6/10",2010,10,6,"B"
"776",16.25409138,7.213356693,"11/6/10",2010,11,6,"B"
"777",14.03895831,8.842924619,"12/6/10",2010,12,6,"B"
"778",15.81370175,8.381749309,"1/6/11",2011,1,6,"B"
"779",18.44115145,8.083808648,"2/6/11",2011,2,6,"B"
"780",16.57088196,7.986289748,"3/6/11",2011,3,6,"B"
"781",14.90174216,8.27329323,"4/6/11",2011,4,6,"B"
"782",11.43594981,7.685536892,"5/6/11",2011,5,6,"B"
"783",11.50724907,8.451938524,"6/6/11",2011,6,6,"B"
"784",14.3595252,6.87146125,"7/6/11",2011,7,6,"B"
"785",16.25950354,8.629012035,"8/6/11",2011,8,6,"B"
"786",11.47542628,8.974222764,"9/6/11",2011,9,6,"B"
"787",12.53961649,8.647375123,"10/6/11",2011,10,6,"B"
"788",12.66137413,9.270914796,"11/6/11",2011,11,6,"B"
"789",16.8152568,9.265395185,"12/6/11",2011,12,6,"B"
"790",14.98641697,8.023420304,"1/6/12",2012,1,6,"B"
"791",17.84263474,6.943906242,"2/6/12",2012,2,6,"B"
"792",13.31007457,9.046473712,"3/6/12",2012,3,6,"B"
"793",17.60797871,8.877462982,"4/6/12",2012,4,6,"B"
"794",7.957093491,7.613210589,"5/6/12",2012,5,6,"B"
"795",15.53244391,7.082708763,"6/6/12",2012,6,6,"B"
"796",17.46678873,7.875492373,"7/6/12",2012,7,6,"B"
"797",11.96208611,9.500913608,"8/6/12",2012,8,6,"B"
"798",13.04678335,8.308089983,"9/6/12",2012,9,6,"B"
"799",15.14184678,9.178815369,"10/6/12",2012,10,6,"B"
"800",11.1170249,9.658001536,"11/6/12",2012,11,6,"B"
"801",17.91846033,7.897692142,"12/6/12",2012,12,6,"B"
"802",15.91802286,8.518658951,"1/6/13",2013,1,6,"B"
"803",10.34645245,8.800603845,"2/6/13",2013,2,6,"B"
"804",15.42432637,6.622687512,"3/6/13",2013,3,6,"B"
"805",17.90775824,6.954301704,"4/6/13",2013,4,6,"B"
"806",19.09872809,8.388507852,"5/6/13",2013,5,6,"B"
"807",10.92793569,9.10339452,"6/6/13",2013,6,6,"B"
"808",19.07922873,8.862665509,"7/6/13",2013,7,6,"B"
"809",17.19468845,7.614415198,"8/6/13",2013,8,6,"B"
"810",20.16027099,8.563913489,"9/6/13",2013,9,6,"B"
"811",9.398037359,9.0421161,"10/6/13",2013,10,6,"B"
"812",13.85842053,8.037917363,"11/6/13",2013,11,6,"B"
"813",17.69338629,9.520958491,"12/6/13",2013,12,6,"B"
"814",12.75140311,8.74498019,"1/6/14",2014,1,6,"B"
"815",17.20841805,7.057586266,"2/6/14",2014,2,6,"B"
"816",17.54872202,8.538945409,"3/6/14",2014,3,6,"B"
"817",12.31017883,7.512424293,"4/6/14",2014,4,6,"B"
"818",13.49346828,8.573872101,"5/6/14",2014,5,6,"B"
"819",12.4829944,8.181941265,"6/6/14",2014,6,6,"B"
"820",18.69902934,5.889846033,"7/6/14",2014,7,6,"B"
"821",15.39643299,5.873981102,"8/6/14",2014,8,6,"B"
"822",17.10024593,5.271008633,"9/6/14",2014,9,6,"B"
"823",16.09461225,6.489766878,"10/6/14",2014,10,6,"B"
"824",22.65766726,6.282531839,"11/6/14",2014,11,6,"B"
"825",10.3873944,6.566802513,"12/6/14",2014,12,6,"B"
"826",14.61326831,5.440764722,"1/6/15",2015,1,6,"B"
"827",13.45416489,6.04529957,"2/6/15",2015,2,6,"B"
"828",15.67677066,5.547498855,"3/6/15",2015,3,6,"B"
"829",13.77037281,5.604046566,"4/6/15",2015,4,6,"B"
"830",20.09872522,5.698667894,"5/6/15",2015,5,6,"B"
"831",16.87870161,6.30149616,"6/6/15",2015,6,6,"B"
"832",13.48876794,6.309868646,"7/6/15",2015,7,6,"B"
"833",15.95330025,6.692566703,"8/6/15",2015,8,6,"B"
"834",11.33302334,6.506189895,"9/6/15",2015,9,6,"B"
"835",15.65579725,6.140054891,"10/6/15",2015,10,6,"B"
"836",13.30822887,5.700629451,"11/6/15",2015,11,6,"B"
"837",20.18173637,6.185711393,"12/6/15",2015,12,6,"B"
"838",18.50511756,5.949251333,"1/6/16",2016,1,6,"B"
"839",15.997757,6.640998305,"2/6/16",2016,2,6,"B"
"840",16.99065082,6.562351118,"3/6/16",2016,3,6,"B"
"841",17.62806126,6.354086312,"4/6/16",2016,4,6,"B"
"842",18.74016917,5.718867092,"5/6/16",2016,5,6,"B"
"843",11.67228861,5.236043533,"6/6/16",2016,6,6,"B"
"844",16.78438482,6.171904315,"7/6/16",2016,7,6,"B"
"845",14.76927774,5.790319695,"8/6/16",2016,8,6,"B"
"846",18.42980403,6.152505184,"9/6/16",2016,9,6,"B"
"847",13.95956244,6.088901879,"10/6/16",2016,10,6,"B"
"848",15.65063921,5.38545317,"11/6/16",2016,11,6,"B"
"849",14.64876813,6.131146111,"12/6/16",2016,12,6,"B"
"850",15.54348394,5.78915734,"1/6/17",2017,1,6,"B"
"851",19.21459806,6.259071256,"2/6/17",2017,2,6,"B"
"852",20.40244736,6.039713307,"3/6/17",2017,3,6,"B"
"853",17.91196119,5.909422099,"4/6/17",2017,4,6,"B"
"854",14.3462713,6.55784236,"5/6/17",2017,5,6,"B"
"855",14.04660549,5.557218035,"6/6/17",2017,6,6,"B"
"856",17.27561857,5.677598948,"7/6/17",2017,7,6,"B"
"857",15.74376046,6.232376269,"8/6/17",2017,8,6,"B"
"858",18.62927127,5.587405997,"9/6/17",2017,9,6,"B"
"859",21.32688381,6.19444216,"10/6/17",2017,10,6,"B"
"860",17.30072216,5.940416941,"11/6/17",2017,11,6,"B"
"861",18.66988778,6.010528946,"12/6/17",2017,12,6,"B"
"862",17.44315251,5.403671007,"1/6/18",2018,1,6,"B"
"863",16.00496747,5.864906993,"2/6/18",2018,2,6,"B"
"864",13.77075117,6.004575196,"3/6/18",2018,3,6,"B"
"865",15.78422397,5.958714474,"4/6/18",2018,4,6,"B"
"866",14.76916831,6.148562897,"5/6/18",2018,5,6,"B"
"867",16.31940269,5.73051449,"6/6/18",2018,6,6,"B"
"868",17.5791562,6.211750179,"7/6/18",2018,7,6,"B"
"869",18.58847653,5.49393671,"8/6/18",2018,8,6,"B"
"870",15.80157752,6.363293597,"9/6/18",2018,9,6,"B"
"871",17.10546525,5.668180324,"10/6/18",2018,10,6,"B"
"872",16.24314613,6.027692699,"11/6/18",2018,11,6,"B"
"873",17.61164826,6.394456297,"12/6/18",2018,12,6,"B"
"874",17.82037342,6.04492892,"1/6/19",2019,1,6,"B"
"875",19.97661713,6.55856499,"2/6/19",2019,2,6,"B"
"876",20.6539528,5.903345419,"3/6/19",2019,3,6,"B"
"877",16.95211667,6.139631307,"4/6/19",2019,4,6,"B"
"878",16.59275116,5.809712685,"5/6/19",2019,5,6,"B"
"879",18.25265795,5.748888629,"6/6/19",2019,6,6,"B"
"880",14.63394157,5.464652597,"7/6/19",2019,7,6,"B"
"881",14.36038324,5.669495836,"8/6/19",2019,8,6,"B"
"882",16.99199848,6.301706139,"9/6/19",2019,9,6,"B"
"883",19.95932744,5.918662864,"10/6/19",2019,10,6,"B"
"884",17.34903841,6.002223889,"11/6/19",2019,11,6,"B"
"885",13.85580449,6.366153595,"12/6/19",2019,12,6,"B"
"886",21.44398574,5.706873838,"1/6/20",2020,1,6,"B"
"887",12.47137219,6.182074791,"2/6/20",2020,2,6,"B"
"888",18.23241773,5.811108212,"3/6/20",2020,3,6,"B"
"889",10.12828152,6.347285441,"4/6/20",2020,4,6,"B"
"890",7.004631276,6.846155862,"5/6/20",2020,5,6,"B"
"891",13.83143498,6.109327981,"6/6/20",2020,6,6,"B"
"892",16.65234282,5.911968544,"7/6/20",2020,7,6,"B"
"893",19.21850035,6.338962094,"8/6/20",2020,8,6,"B"
"894",25.28418825,6.382887606,"9/6/20",2020,9,6,"B"
"895",11.7130015,6.374492957,"10/6/20",2020,10,6,"B"
"896",16.61408623,6.022378614,"11/6/20",2020,11,6,"B"
"897",17.89297612,5.428454444,"12/6/20",2020,12,6,"B"
"898",14.60033819,6.045413216,"1/6/21",2021,1,6,"B"
"899",20.70471442,5.189693989,"2/6/21",2021,2,6,"B"
"900",9.95383067,6.312767448,"3/6/21",2021,3,6,"B"
"901",17.51509708,5.911587557,"4/6/21",2021,4,6,"B"
"902",14.33382907,6.305389563,"5/6/21",2021,5,6,"B"
"903",11.45716146,6.308125181,"6/6/21",2021,6,6,"B"
"904",15.49701235,6.172214741,"7/6/21",2021,7,6,"B"
"905",9.580424501,6.385474529,"8/6/21",2021,8,6,"B"
"906",15.19213128,5.632476649,"9/6/21",2021,9,6,"B"
"907",14.53387976,6.202740076,"10/6/21",2021,10,6,"B"
"908",17.52041625,6.711443241,"11/6/21",2021,11,6,"B"
"909",13.62424947,5.926324153,"12/6/21",2021,12,6,"B"
"910",19.935021,6.431273778,"1/6/22",2022,1,6,"B"
"911",15.40469668,6.174657893,"2/6/22",2022,2,6,"B"
"912",17.3416853,5.293190238,"3/6/22",2022,3,6,"B"
"913",25.10500333,5.914765547,"4/6/22",2022,4,6,"B"
"914",14.61108449,5.982913494,"5/6/22",2022,5,6,"B"
"915",18.30276639,6.394362648,"6/6/22",2022,6,6,"B"
"916",15.82697711,5.426681768,"7/6/22",2022,7,6,"B"
"917",18.67113432,6.146049847,"8/6/22",2022,8,6,"B"
"918",17.63854486,5.57635704,"9/6/22",2022,9,6,"B"
"919",11.1251191,6.546612016,"10/6/22",2022,10,6,"B"
"920",22.21435162,6.002260965,"11/6/22",2022,11,6,"B"
"921",17.8007341,5.662363595,"12/6/22",2022,12,6,"B"
"922",22.60513945,6.199387022,"1/6/23",2023,1,6,"B"
"923",17.69750129,5.498432403,"2/6/23",2023,2,6,"B"
"924",18.87812062,5.869897414,"3/6/23",2023,3,6,"B"
"925",19.24230309,5.525269484,"4/6/23",2023,4,6,"B"
"926",13.97897742,6.381821907,"5/6/23",2023,5,6,"B"
"927",20.03592043,5.828303176,"6/6/23",2023,6,6,"B"
"928",17.78305236,6.087519728,"7/6/23",2023,7,6,"B"
"929",18.12272059,6.508609444,"8/6/23",2023,8,6,"B"
"930",18.48285134,5.79885781,"9/6/23",2023,9,6,"B"
